tier,vendor,platform,model,cores,threads,score_cpumark,score_single,note
中端,AMD,ZEN3 5000系 · 2020,R75700X,8,16,26556,3386,
中端,AMD,ZEN3 5000系 · 2020,R75700X3D,8,16,26305,2968,
中端,AMD,ZEN4 7000系 · 2022,R57500,6,12,26522,3825,
中端,AMD,ZEN4 7000系 · 2022,R57600X,6,12,28271,4129,
中端,AMD,ZEN5 9000系 · 2024,R59500,6,12,28069,4254,
中端,AMD,ZEN5 9000系 · 2024,R59600X,6,12,30069,4570,
中端,Intel,AlderLake 12代 · 2021,i512600K,10,16,27505,3917,
中端,Intel,RaptorLake 13代 · 2022,i513400,10,16,23901,3584,
中端,Intel,RaptorLake 13代 · 2022,i513490,10,16,26820,3861,
中端,Intel,RaptorLake-R 14代 · 2023,i514400,10,16,25053,3741,
中端,Intel,RaptorLake-R 14代 · 2023,i514490,10,16,27059,3958,
中高端,AMD,ZEN3 5000系 · 2020,R95900X,12,24,38886,3465,
中高端,AMD,ZEN4 7000系 · 2022,R77700,8,16,34321,4050,
中高端,AMD,ZEN4 7000系 · 2022,R77800X3D,8,16,34279,3759,
中高端,AMD,ZEN5 9000系 · 2024,R79700X,8,16,36951,4643,
中高端,AMD,ZEN5 9000系 · 2024,R79800X3D,8,16,39928,4421,
中高端,Intel,AlderLake 12代 · 2021,i712700K,12,20,34251,4003,
中高端,Intel,AlderLake 12代 · 2021,i912900K,16,24,41110,4128,
中高端,Intel,ArrowLake-S Ultra200 · 2024,U5225,10,10,30480,4413,
中高端,Intel,ArrowLake-S Ultra200 · 2024,U5230,10,10,32293,4527,
中高端,Intel,RaptorLake 13代 · 2022,i513600K,14,20,37459,4111,缩缸/停产
中高端,Intel,RaptorLake-R 14代 · 2023,i514600K,14,20,38408,4268,缩缸/停产
入门,AMD,ZEN3 5000系 · 2020,R55500,6,12,19250,3061,
入门,AMD,ZEN3 5000系 · 2020,R55500X3D,6,12,20308,2935,升级
入门,AMD,ZEN3 5000系 · 2020,R55600,6,12,21493,3253,
入门,AMD,ZEN3 5000系 · 2020,R55600X,6,12,21825,3366,升级
入门,AMD,ZEN4 7000系 · 2022,R57400,6,12,21836,3260,
入门,Intel,AlderLake 12代 · 2021,i312100,4,8,12511,3241,
入门,Intel,AlderLake 12代 · 2021,i512400,6,12,18821,3465,
入门,Intel,AlderLake 12代 · 2021,i512490,6,12,20328,3689,
入门,Intel,RaptorLake 13代 · 2022,i313100,4,8,14100,3537,
入门,Intel,RaptorLake-R 14代 · 2023,i314100,4,8,15081,3760,
旗舰/顶级,AMD,ZEN4 7000系 · 2022,R97950X,16,32,62132,4251,
旗舰/顶级,AMD,ZEN4 7000系 · 2022,R97950X3D,16,32,62295,4144,
旗舰/顶级,AMD,ZEN5 9000系 · 2024,R99950X,16,32,65702,4727,
旗舰/顶级,AMD,ZEN5 9000系 · 2024,R99950X3D,16,32,70098,4738,
旗舰/顶级,AMD,ZEN5 9000系 · 2024,R99950X3D2,16,32,71987,4664,
旗舰/顶级,Intel,ArrowLake-S Ultra200 · 2024,U7265K,20,20,58580,4928,
旗舰/顶级,Intel,ArrowLake-S Ultra200 · 2024,U7270K PLUS,24,24,68436,5071,
旗舰/顶级,Intel,ArrowLake-S Ultra200 · 2024,U9285K,24,24,67233,5086,
旗舰/顶级,Intel,RaptorLake 13代 · 2022,i913900KS,24,32,60397,4715,缩缸/停产
旗舰/顶级,Intel,RaptorLake-R 14代 · 2023,i914900K,24,32,58226,4689,缩缸/停产
旗舰/顶级,Intel,RaptorLake-R 14代 · 2023,i914900KS,24,32,59922,4808,缩缸/停产
高端,AMD,ZEN3 5000系 · 2020,R95950X,16,32,45255,3476,
高端,AMD,ZEN4 7000系 · 2022,R97900X,12,24,51224,4226,
高端,AMD,ZEN4 7000系 · 2022,R97900X3D,12,24,50200,4118,
高端,AMD,ZEN5 9000系 · 2024,R79850X3D,8,16,41310,4704,
高端,AMD,ZEN5 9000系 · 2024,R99900X,12,24,54314,4672,
高端,AMD,ZEN5 9000系 · 2024,R99900X3D,12,24,56052,4629,
高端,Intel,ArrowLake-S Ultra200 · 2024,U5245K,14,14,43055,4715,
高端,Intel,ArrowLake-S Ultra200 · 2024,U5250K PLUS,18,18,51911,4789,
高端,Intel,RaptorLake 13代 · 2022,i713700K,16,24,45610,4326,缩缸/停产
高端,Intel,RaptorLake 13代 · 2022,i913900K,24,32,58081,4595,缩缸/停产
高端,Intel,RaptorLake-R 14代 · 2023,i714700K,20,28,51933,4454,缩缸/停产
