tier,vendor,series,model,score_timespy,score_portroyal,score_timespy_2,score_steelnomad,score_total
可运行,AMD,90系,9070XT,29529,18072,14342,7010,68953
好用,NVIDIA,50系,5080,31966,22143,16066,8360,78535
无法使用,AMD,5000系及以前,550,1194,0,278,89,1561
无法使用,AMD,5000系及以前,5500,4791,0,2099,959,7849
无法使用,AMD,5000系及以前,5500XT,4860,0,2142,985,7987
无法使用,AMD,5000系及以前,560,1860,0,765,267,2892
无法使用,AMD,5000系及以前,5600XT,7633,0,3561,1669,12863
无法使用,AMD,5000系及以前,560XT,3555,0,1341,432,5328
无法使用,AMD,5000系及以前,570,3854,0,1697,601,6152
无法使用,AMD,5000系及以前,5700,8369,0,3994,1876,14239
无法使用,AMD,5000系及以前,5700XT,9428,0,4396,2155,15979
无法使用,AMD,5000系及以前,580,4354,0,1946,1003,7303
无法使用,AMD,5000系及以前,590,4779,0,2087,942,7808
无法使用,AMD,6000系,6300,2307,0,989,312,3608
无法使用,AMD,6000系,6400,3593,268,1659,176,5696
无法使用,AMD,6000系,6500XT,4961,369,2288,999,8617
无法使用,AMD,6000系,6600,8130,3757,3716,1504,17107
无法使用,AMD,6000系,6600XT,9672,4514,4417,1817,20420
无法使用,AMD,6000系,6650XT,9958,4658,4572,1874,21062
无法使用,AMD,6000系,6700,11199,,,,
无法使用,AMD,6000系,6700XT,12798,5977,5966,2458,27199
无法使用,AMD,6000系,6750GRE10G,11102,5439,4984,2035,23560
无法使用,AMD,6000系,6750XT,13539,6283,6321,2570,28713
无法使用,AMD,6000系,6800,16165,7836,7727,3208,34936
无法使用,AMD,6000系,6800XT,19298,9535,9273,3720,41826
无法使用,AMD,6000系,6900XT,20737,10395,10028,4119,45279
无法使用,AMD,6000系,6950XT,21551,10826,10687,4253,47317
无法使用,AMD,7000系,7600,10984,5651,5228,2290,24153
无法使用,AMD,7000系,7600XT,11274,,,,
无法使用,AMD,7000系,7650GRE,10775,5837,5075,2294,23981
无法使用,AMD,7000系,7700XT,17058,9048,7858,3304,37268
无法使用,AMD,7000系,7800XT,20014,10816,9432,4142,44404
无法使用,AMD,7000系,7900GRE,21646,12334,10535,4801,49316
无法使用,AMD,7000系,7900XT,26415,14099,13038,5626,59178
无法使用,AMD,7000系,7900XTX,30311,16434,15222,6885,68852
无法使用,AMD,90系,9060XT16G,16413,9736,7489,3764,37402
无法使用,AMD,90系,9060XT8G,15744,9047,7234,3525,35550
无法使用,AMD,90系,9070,26277,15620,12634,5972,60503
无法使用,AMD,90系,9070GRE,22748,13726,10636,5274,52384
无法使用,AMD,6000系,G750GRE12G,12633,6309,5874,2415,27231
无法使用,NVIDIA,10系,1010,530,0,23,0,553
无法使用,NVIDIA,10系,1030,1087,0,171,32,1290
无法使用,NVIDIA,10系,1050,1731,0,419,123,2273
无法使用,NVIDIA,10系,1050Ti,2354,0,1095,302,3751
无法使用,NVIDIA,10系,10603G,3865,0,1777,159,5801
无法使用,NVIDIA,10系,10605G,3907,0,1759,811,6477
无法使用,NVIDIA,10系,10606G,4203,817,1918,906,7844
无法使用,NVIDIA,10系,1070,6093,1250,2847,1339,11529
无法使用,NVIDIA,10系,1070Ti,6846,1506,3149,1468,12969
无法使用,NVIDIA,10系,1080,7597,1639,3441,1626,14303
无法使用,NVIDIA,10系,1080Ti,9988,2212,4706,2228,19134
无法使用,NVIDIA,16、20系,1630,2099,0,955,289,3343
无法使用,NVIDIA,16、20系,1650,3567,0,1595,332,5494
无法使用,NVIDIA,16、20系,1650S,4698,0,2071,1003,7772
无法使用,NVIDIA,16、20系,1660,5447,1400,2466,1064,10377
无法使用,NVIDIA,16、20系,1660S,6054,1561,2803,1281,11699
无法使用,NVIDIA,16、20系,1660Ti,6353,1658,2884,1305,12200
无法使用,NVIDIA,16、20系,2060,7583,4146,3515,1723,16967
无法使用,NVIDIA,16、20系,206012G,8025,5011,3600,1836,18472
无法使用,NVIDIA,16、20系,2060S,8752,5071,4142,2015,19980
无法使用,NVIDIA,16、20系,2070,9108,5189,4319,2104,20720
无法使用,NVIDIA,16、20系,2070S,10177,6038,4772,2419,23406
无法使用,NVIDIA,16、20系,2080,11092,6447,5157,2603,25299
无法使用,NVIDIA,16、20系,2080S,11628,7005,5389,2761,26783
无法使用,NVIDIA,16、20系,2080Ti,14664,9114,7086,3550,34414
无法使用,NVIDIA,30系,3050,6216,3531,2825,1327,13899
无法使用,NVIDIA,30系,30506G,4832,2303,2108,964,10207
无法使用,NVIDIA,30系,306012G,8783,5141,4096,1960,19980
无法使用,NVIDIA,30系,30608G,7361,4708,3951,1822,17842
无法使用,NVIDIA,30系,3060GA104,8924,5141,4096,1960,20121
无法使用,NVIDIA,30系,3060Ti,11711,7187,5939,2664,27501
无法使用,NVIDIA,30系,3070,13640,8303,6786,3162,31891
无法使用,NVIDIA,30系,3070Ti,14863,8863,7403,3475,34604
无法使用,NVIDIA,30系,3080,17658,11583,8893,4429,42563
无法使用,NVIDIA,30系,308012G,18634,12269,9412,4785,45100
无法使用,NVIDIA,30系,3080Ti,19620,13240,10036,5081,47977
无法使用,NVIDIA,30系,3090,19900,13639,10286,5141,48966
无法使用,NVIDIA,30系,3090Ti,21816,14859,11312,5742,53729
无法使用,NVIDIA,其他产品线,4000Ada,14423,,,,
无法使用,NVIDIA,40系,4060,10630,5999,4947,2289,23865
无法使用,NVIDIA,40系,4060Ti16G,13508,8166,6287,2900,30861
无法使用,NVIDIA,40系,4060Ti8G,13508,8166,6287,2900,30861
无法使用,NVIDIA,40系,4070,17869,11123,8368,3844,41204
无法使用,NVIDIA,40系,4070S,21095,13201,10138,4618,49052
无法使用,NVIDIA,40系,4070Ti,22787,14033,10908,5016,52744
无法使用,NVIDIA,40系,4070TiS,24346,15385,11765,5542,57038
无法使用,NVIDIA,40系,4080,28188,17911,14041,6545,66685
无法使用,NVIDIA,40系,4080S,28499,18355,14253,6580,67687
无法使用,NVIDIA,其他产品线,5000,10697,,,,
无法使用,NVIDIA,其他产品线,5000Ada,23191,,,,
无法使用,NVIDIA,50系,5050,10513,6114,4607,2303,23537
无法使用,NVIDIA,50系,5060,14104,8873,6573,3266,32816
无法使用,NVIDIA,50系,5060Ti16G,15389,9944,7136,3455,35924
无法使用,NVIDIA,50系,5060Ti8G,15389,9944,7136,3455,35924
无法使用,NVIDIA,50系,5070,22357,14105,10723,5024,52209
无法使用,NVIDIA,50系,5070S,,,,,
无法使用,NVIDIA,50系,5070Ti,27622,19201,13532,6502,66857
无法使用,NVIDIA,50系,5070TiS,,,,,
无法使用,NVIDIA,其他产品线,6000,13833,,,,
无法使用,NVIDIA,其他产品线,A4000,11120,,,,
无法使用,NVIDIA,其他产品线,A6000,17741,,,,
无法使用,NVIDIA,其他产品线,Titan RTX,15174,9858,8010,3793,36835
无法使用,NVIDIA,其他产品线,Titan V,13185,,,,
无法使用,NVIDIA,其他产品线,Titan X(Pascal),10284,,,,
无法使用,NVIDIA,其他产品线,Titan Xp,10508,,,,
无法使用,intel,A系,7G100,8295,0,3963,2040,14298
无法使用,intel,B系,A380,4358,1573,2033,906,8870
无法使用,intel,B系,A580,10721,5551,5414,2229,23915
无法使用,intel,B系,A750,12504,6616,6109,2605,27834
无法使用,intel,B系,A770,13552,7065,6515,2976,30108
无法使用,intel,B系,B570,12749,,,,
无法使用,intel,B系,B580,14923,7889,7113,3064,32989
胜任,NVIDIA,40系,4090D,34199,24046,18207,8572,85024
胜任,NVIDIA,50系,5080S,,,,,
能用,NVIDIA,其他产品线,6000Ada,30578,,,,
,NVIDIA,40系,4090,36362,26093,19481,9230,91166
,NVIDIA,50系,5090,49510,36673,25485,14133,125801
,NVIDIA,50系,5090D,49510,36673,25485,14133,125801
,NVIDIA,50系,5090DV2,47000,33881,24562,14000,119443
,NVIDIA,其他产品线,PRO6000,51776,39938,28009,16804,136527
