vendor_group,tier,brand,入门(丐版),低端,中端,高端,旗舰,超旗舰
NVIDIA 阵营,一线,华硕 ASUS,Phoenix,DUAL 地狱犬 Turbo,ATS巨齿鲨 Prime大师,TUF电竞特工 Strix猛禽,Poseidon海神 Astral夜神,Matrix骇客
NVIDIA 阵营,一线,微星,AERO,VENTUS万图师,ARMOR装甲师 DUKE暗黑龙爵,魔龙,SUPRIM超龙 神龙,Lightning闪电
NVIDIA 阵营,一线,EVGA,,SC,XC,FTW,,KINGPIN
NVIDIA 阵营,一线,七彩虹,COLORFUL 灵动鲨/网驰,战斧,Ultra 战斧豪华版,Advanced UltraWOC,Vulkan火神 Neptune水神,KUDAN九段
NVIDIA 阵营,次一线,影驰,晓将,大将/黑将,星耀 金属大师,圣刃 魔刃,HOF 名人堂,HOFOCLAB金标名人堂
NVIDIA 阵营,次一线,丽台,CLASSIC/GENE ES,LIFE ES,HURRICAN,,,
NVIDIA 阵营,二线,索泰,毁灭者,露雳版,XGAMING,天启 solid,PGF AMP,
NVIDIA 阵营,二线,映众,黑金战神,曜夜/映雪 黑金至尊,GAMING X3,冰龙,超级冰龙,
NVIDIA 阵营,二线,耕升,DUG/迎风,追风/踏雪,星极,炫光/G魂,帝魂,
NVIDIA 阵营,二线,铭瑄,Big mac,终结者/Turbo,ICRAFT电竞之心,瑷珈,MGG,
NVIDIA 阵营,二线,镭风 （七彩虹）,元气,元气满满 清凉薄荷,MEOW,,,
NVIDIA 阵营,二线,盈通,极速版,大地之神,游戏高手 六道兵甲 豪华版,樱瞳,,
NVIDIA 阵营,三线,万丽,单风扇版,星际 雪狐,GALLARDO 星舰,星云,,
NVIDIA 阵营,三线,电竞叛客 （映众）,X2,X3,,,,
NVIDIA 阵营,三线,翔升,青春/极光,战神,,,,
NVIDIA 阵营,三线,PNY,,标准版,XLR8,,,
AMD 阵营,一线,华硕,Phoenix,DUAL,,TUF电竞特工,Strix猛禽,
AMD 阵营,一线,微星,AERO,MECH机械师,,魔龙,,
AMD 阵营,一线,蓝宝石,,白金,超白金,超白金特别版,毒药,ATOMIC 原子
AMD 阵营,一线,讯景,,黑狼/战狼,雪狼/海外版,海外版PRO,,
AMD 阵营,一线,撼讯,,竞技,暗黑犬,红魔,水魔,
AMD 阵营,一线,迪兰,,战将,,战神,恶魔,
AMD 阵营,次一线,华擎,,挑战者,钢铁传奇,幻影游戏 太极,AQUA水神 超频方程式,
AMD 阵营,二线,盈通,极速版,大地之神 豪华版,游戏高手 六道兵甲,樱瞳,,
AMD 阵营,二线,瀚铠,探索,星空,合金,超合金,,
AMD 阵营,二线,速驹,,闪电,极光,,,
Intel 阵营,,英特尔,锐炫,锐炫,锐炫,,,
Intel 阵营,,华擎,挑战者,挑战者,幻影游戏,,,
Intel 阵营,,蓝戟,源,光,影,,,
Intel 阵营,,宏碁,,掠夺者BiFrost,掠夺者BiFrost,,,
Intel 阵营,,撼与,ELF,ORCC,TITAN,,,
Intel 阵营,,微星,不参与零售,,,,,
