date,category,model,spec,price_cny,channel,note
2025-08,内存 DDR4,内存,16G×2,8.125,,
2025-08,内存 DDR4,内存,8G×2,11.25,,
2025-08,固态 PCIE4.0,固态,2TB,0.36,,
2025-08,机械硬盘 HDD,机械硬盘,AVG,0.15,,
2026-06,内存 DDR4,内存,16G×2,21.22,,
2026-06,内存 DDR4,内存,8G×2,19.31,,
2026-06,内存 DDR5,内存,16G×2,53.72,,
2026-06,内存 DDR5,内存,24G×2,58.08,,
2026-06,内存 DDR5,内存,32G×2,57.8,,
2026-06,内存 DDR5,内存,48G×2,60.93,,
2026-06,固态 PCIE4.0,固态,1TB,0.76,,
2026-06,固态 PCIE4.0,固态,2TB,0.69,,
2026-06,固态 PCIE5.0,固态,1TB,1.005,,
2026-06,固态 PCIE5.0,固态,2TB,0.81,,
2026-06,机械硬盘 HDD,机械硬盘,1TB,0.27,,
2026-06,机械硬盘 HDD,机械硬盘,2TB,0.19,,
2026-06,机械硬盘 HDD,机械硬盘,4TB,0.16,,
2026-07,内存 DDR4,内存,16G×2,23.41,,
2026-07,内存 DDR4,内存,8G×2,23.69,,
2026-07,内存 DDR5,内存,16G×2,60.5,,
2026-07,内存 DDR5,内存,24G×2,65.81,,
2026-07,内存 DDR5,内存,32G×2,64.2,,
2026-07,内存 DDR5,内存,48G×2,79.26,,
2026-07,固态 PCIE4.0,固态,1TB,0.85,,
2026-07,固态 PCIE4.0,固态,2TB,0.73,,
2026-07,固态 PCIE5.0,固态,1TB,0.99,,
2026-07,固态 PCIE5.0,固态,2TB,0.85,,
2026-07,机械硬盘 HDD,机械硬盘,1TB,0.27,,
2026-07,机械硬盘 HDD,机械硬盘,2TB,0.16,,
2026-07,机械硬盘 HDD,机械硬盘,4TB,0.16,,
2026-08,内存 DDR4,内存,16G×2,24.78,,
2026-08,内存 DDR4,内存,8G×2,22.25,,
2026-08,内存 DDR5,内存,16G×2,56.75,,
2026-08,内存 DDR5,内存,24G×2,68.73,,
2026-08,内存 DDR5,内存,32G×2,68.36,,
2026-08,内存 DDR5,内存,48G×2,72.86,,
2026-08,固态 PCIE5.0,固态,1TB,1.039,,
2026-08,机械硬盘 HDD,机械硬盘,AVG,0.2,,
2026-09,内存 DDR4,内存,16G×2,30.47,,
2026-09,内存 DDR4,内存,8G×2,30.94,,
2026-09,内存 DDR4,内存,AVG,30.71,,
2026-09,内存 DDR5,内存,16G×2,68.69,,
2026-09,内存 DDR5,内存,24G×2,78.1,,
2026-09,内存 DDR5,内存,32G×2,71.52,,
2026-09,内存 DDR5,内存,48G×2,83.28,,
2026-09,固态 PCIE4.0,固态,1TB,0.85,,
2026-09,固态 PCIE4.0,固态,2TB,0.75,,
2026-09,固态 PCIE5.0,固态,1TB,1.129,,
2026-09,固态 PCIE5.0,固态,2TB,0.989,,
2026-09,机械硬盘 HDD,机械硬盘,AVG,0.2,,
2026-10,内存 DDR4,内存,16G×2,31.25,,
2026-10,内存 DDR4,内存,8G×2,29.38,,
2026-10,内存 DDR5,内存,16G×2,76.84,,
2026-10,内存 DDR5,内存,24G×2,74.98,,
2026-10,内存 DDR5,内存,32G×2,70.3,,
2026-10,内存 DDR5,内存,48G×2,87.47,,
2026-10,固态 PCIE4.0,固态,1TB,0.84,,
2026-10,固态 PCIE4.0,固态,2TB,0.73,,
2026-10,固态 PCIE5.0,固态,1TB,0.986,,
2026-10,固态 PCIE5.0,固态,2TB,0.845,,
2026-10,机械硬盘 HDD,机械硬盘,AVG,0.2,,
